country,1990,1991,1992,1993,1994,1995,1996,1997,1998,1999,2000,2001,2002,2003,2004,2005,2006,2007,2008,2009,2010,2011,2012,2013,2014,2015,2016,2017,2018
Afghanistan,2390,2230,1530,1100,1550,1420,1320,1240,1160,1070,967,1520,1560,1500,1600,1640,1830,1870,2230,2480,2390,2570,2580,2520,2430,2380,2350,2300,2280
Angola,6680,6090,4480,4390,4890,5390,5600,5670,5600,5580,5630,6190,6160,6600,7320,7880,8660,9270,9020,9680,9440,9890,10k,10.1k,9850,9260,8920,8430,8070
Albania,3420,3190,3630,4070,4790,5290,4580,5000,5700,6110,6670,7000,7450,7930,8460,9030,9670,10.2k,10.7k,11.2k,10.2k,10.8k,12k,12.5k,12k,11.9k,12k,11.8k,11.7k
United Arab Emirates,131k,126k,118k,117k,117k,118k,121k,114k,111k,115k,109k,103k,103k,99.9k,90.3k,83.5k,71.8k,62.6k,51.7k,47.7k,48.9k,50.2k,52.7k,55k,57.5k,59.1k,60.4k,60.3k,60.6k
Argentina,16.9k,18.1k,20k,21.1k,22k,22.3k,23k,22.8k,22.1k,21.9k,21.2k,19.4k,19.6k,20.4k,21.5k,22.5k,24k,24.8k,23.1k,25.1k,26k,25.5k,25.9k,25.2k,25.5k,24.7k,25k,24k,23.3k
Armenia,4090,2440,2370,2610,2870,3170,3370,3580,3780,4010,4380,4950,5630,6200,7020,7910,8930,9970,8910,8770,8900,9340,9450,10k,10.6k,10.7k,11.6k,12.9k,13.9k
Australia,79.5k,80.1k,83k,83.5k,83.7k,85.9k,88.6k,90.9k,93.8k,95.2k,95.9k,97.9k,98.7k,101k,100k,100k,101k,102k,103k,103k,103k,106k,108k,110k,110k,112k,113k,114k,114k
Austria,76.9k,77.2k,77.4k,76.5k,78.2k,81.2k,83k,85.5k,87.2k,89.9k,90.7k,91k,91.4k,97.5k,96.6k,98.2k,99.3k,98.8k,95.1k,95.7k,97.4k,97.2k,96.8k,97.4k,97.8k,98.8k,99.9k,100k,101k
Azerbaijan,6370,4770,3610,2840,2460,2490,2640,2930,3150,3510,3830,4160,4550,4910,6190,8270,10.2k,11.2k,12.1k,12.5k,12.1k,12.2k,12.6k,12.7k,12.7k,12k,11.9k,11.9k,12.1k
Burundi,741,746,698,669,615,565,556,582,572,560,556,563,537,543,528,537,535,541,543,552,557,565,576,584,542,520,505,496,488
Belgium,88k,88.2k,88.2k,91.1k,92.2k,93.5k,96.1k,97.6k,97.8k,98.2k,101k,103k,104k,105k,105k,107k,108k,107k,105k,107k,108k,109k,109k,110k,112k,113k,113k,112k,112k
Benin,2170,2160,2200,2160,2200,2230,2280,2300,2360,2420,2470,2510,2510,2540,2500,2520,2600,2650,2640,2630,2670,2720,2830,2910,2870,2880,2950,3050,3150
Burkina Faso,955,938,951,943,974,1060,1100,1160,1220,1210,1270,1300,1370,1410,1510,1570,1600,1660,1680,1800,1890,1980,2070,2130,2130,2180,2230,2290,2340
Bangladesh,1260,1290,1310,1330,1350,1370,1400,1430,1460,1490,1530,1560,1600,1640,1710,1780,1880,1970,2050,2090,2190,2300,2400,2500,2620,2750,2790,2950,3120
Bulgaria,10.7k,10k,10.1k,10.5k,11k,11.9k,10.4k,10.9k,10.5k,11.5k,12.1k,12.7k,13k,13.4k,14.3k,14.6k,14.9k,15.3k,15.3k,16.4k,17.4k,17.6k,17.6k,17.7k,18.1k,18.9k,18.7k,19.2k,19.4k
Bahrain,44.9k,46.3k,50.4k,48.3k,48.3k,49.1k,49.3k,50.1k,50.2k,50.4k,48.5k,46.7k,45.8k,44.9k,43.7k,42.1k,41.1k,39.6k,37.3k,36.4k,36.5k,37.2k,38.9k,40k,40.1k,39.5k,38.6k,36.9k,35.5k
Bahamas,64.1k,61.6k,58.6k,59.5k,58.7k,60.7k,59.7k,60k,63k,64.2k,64.2k,66.1k,65.2k,64k,64.9k,63k,62.7k,60.2k,60.5k,60.3k,59.7k,60k,58.5k,56.2k,54.4k,54.1k,51.5k,51.7k,51.9k
Bosnia and Herzegovina,1960,1900,1950,2280,2890,5660,7750,9120,10.2k,11k,11.6k,12.4k,13.1k,14.1k,15.6k,16.7k,16.8k,16.1k,15.8k,16.5k,17k,17k,17.6k,17.7k,18.6k,18.9k,18.3k,18.6k,18.3k
Belarus,6790,6270,6110,5610,5280,5910,6040,6330,6450,6700,6910,7160,7560,8300,8950,9720,10.4k,11.3k,11.2k,12.1k,12.7k,12.9k,13k,13.2k,12.7k,12.4k,12.7k,12.9k,13.2k
Belize,10.3k,11.4k,11.9k,11.8k,11.7k,11.5k,11.2k,11.2k,11.4k,12k,11.7k,11.9k,12.5k,12.6k,12.4k,12.3k,11.9k,11.8k,11.5k,11.4k,11.3k,11.1k,10.9k,10.9k,10.7k,10.2k,10.1k,9950,9680
Bolivia,3420,3400,3450,3510,3580,3640,3720,3810,3740,3740,3700,3680,3680,3730,3780,3850,4000,4130,4190,4250,4370,4680,4880,4870,5370,5460,5470,5350,5340
Brazil,21k,20.3k,20.5k,21k,21.3k,21.9k,22.1k,21.9k,21.5k,21.8k,21.5k,21.4k,21.3k,21.7k,21.9k,22.2k,23.2k,23.7k,23.6k,25.1k,26k,25.8k,26.2k,26k,25.1k,24.9k,25.2k,25.1k,24.8k
Barbados,34.7k,32.1k,32.6k,32.1k,30.9k,30.4k,31.7k,31.9k,31.3k,32.1k,31.3k,31.5k,32.2k,31.7k,32.6k,34.3k,34.4k,34.8k,33.7k,33.3k,33.1k,33.4k,32.4k,33.4k,33.5k,33.1k,33.3k,33.1k,33.1k
Brunei,91.2k,92.3k,89.3k,88.8k,89.5k,89.2k,85.1k,81.7k,81.3k,80.7k,81k,82.3k,82.8k,81.3k,79.9k,82.4k,81.5k,78.8k,76k,76.7k,78.1k,77.6k,74.8k,72k,71.2k,69.3k,69.9k,67.2k,69.3k
Bhutan,1890,1990,2040,2150,2300,2380,2440,2510,2610,2700,2830,3030,3150,3240,3380,3540,4120,4230,4430,4970,5390,5690,5680,6020,5950,6270,6400,6440,6540
Botswana,14.9k,15.2k,15.4k,15.9k,16.5k,16.9k,17.7k,17.1k,17.8k,17.3k,17.3k,18.4k,19.4k,18.8k,18.6k,19.1k,19.7k,19.9k,17.6k,20.1k,19.6k,19.2k,20.2k,20.8k,20.1k,20.5k,20.5k,20.9k,20.9k
Central African Republic,1210,1100,1070,1090,1140,1060,1090,1120,1130,1080,1100,1120,1040,1080,1070,1100,1130,1130,1210,1260,1310,1370,871,871,907,939,966,985,994
Canada,69.5k,70.9k,72.5k,74.3k,75k,75.7k,77.3k,77.4k,78.4k,80.3k,80.5k,81.4k,82.4k,84.2k,87.1k,89.1k,92.8k,92.2k,90.9k,92.4k,93.9k,94.3k,95.2k,97.3k,97.1k,97.3k,98.5k,99.5k,99.6k
Channel Islands,56.3k,56.2k,57.6k,59.7k,60.9k,62k,64k,65.8k,67.5k,70.9k,68.6k,66.3k,63.6k,63.7k,64.5k,67.7k,71.6k,70.2k,65.8k,66.5k,67.6k,68.2k,69.3k,70.7k,71.9k,72.8k,73.7k,74k,74.5k
Switzerland,114k,115k,115k,117k,116k,116k,119k,121k,121k,126k,126k,125k,126k,129k,132k,134k,137k,136k,132k,138k,137k,136k,137k,138k,138k,139k,140k,143k,143k
Chile,17.3k,18.5k,19.3k,20.1k,21.1k,22.6k,23.7k,24.2k,24.8k,25.7k,26.4k,26.8k,27k,28.2k,28.7k,29.5k,29.9k,29.9k,29.7k,29.7k,30.1k,31.1k,31.7k,31.8k,31.9k,32.1k,31.8k,32.5k,32.4k
China,1380,1550,1740,1940,2130,2310,2500,2680,2870,3070,3330,3620,3960,4320,4780,5360,6080,6670,7290,8030,8760,9420,10.1k,10.8k,11.6k,12.4k,13.2k,14.1k,15k
Cote d'Ivoire,4150,3990,3800,3660,3760,3930,3960,4030,4020,3870,3830,3740,3660,3680,3710,3720,3740,3790,3870,3900,3680,4010,4160,4420,4690,4910,5320,5520,5730
Cameroon,3050,2870,2570,2550,2560,2600,2660,2700,2730,2740,2780,2800,2820,2900,2850,2840,2880,2970,3030,3140,3170,3210,3280,3360,3450,3500,3520,3560,3590
"Congo, Dem. Rep.",1650,1420,1180,1090,1060,1020,942,905,846,766,730,730,749,775,797,828,867,907,922,974,1030,1090,1150,1210,1250,1240,1250,1280,1290
"Congo, Rep.",9180,9150,8800,8050,8110,8190,7870,7900,7440,7740,7780,7900,7700,7700,8010,8090,7560,7600,7840,8050,7910,7840,7930,8270,8280,7840,7480,7390,7120
Colombia,11.6k,11.6k,11.7k,12.1k,12.5k,12.9k,13k,13.2k,13.2k,13.4k,12.4k,12.6k,12.5k,13.1k,13.3k,14k,14.8k,14.9k,14.3k,14.3k,14.8k,14.8k,15.3k,15.6k,15.7k,15.8k,15.8k,16k,16.6k
Comoros,5870,6200,6200,5680,5700,5450,5510,5410,5360,5780,5750,5720,5670,5600,5580,5540,5410,5440,5450,5480,5530,5530,5610,5550,5440,5460,5510,5530,5520
Cape Verde,3180,3440,3650,4230,4690,5100,5530,6080,6610,7370,7310,7490,7590,8130,8430,8790,9770,10.1k,9670,9540,9670,9550,9430,9300,9230,9500,9690,9920,10.3k
Costa Rica,13.7k,14.5k,14.9k,15k,15k,15.4k,15.1k,15.2k,15.6k,15.9k,15.5k,15.8k,16.1k,16.6k,16.3k,17k,17.5k,18.1k,18.3k,19k,20.4k,19.7k,19.7k,20.2k,21k,22.4k,22.5k,22.5k,22.3k
Cuba,10.6k,9190,7730,7680,7790,8230,8350,8260,8720,9090,9180,9150,9300,9680,10.6k,11.7k,12.2k,12.6k,12.5k,13k,13.4k,13.8k,14.2k,14.2k,14.8k,14.8k,15.1k,15.4k,15.5k
Cyprus,34.6k,37.1k,36.5k,37.6k,40.1k,39.7k,39.9k,41.7k,42.9k,43.8k,43.1k,43.4k,43.2k,44.2k,46k,46.6k,47.3k,47.9k,46.7k,46.9k,47.9k,48k,46.7k,45.1k,46k,48.1k,48.5k,47.8k,47.8k
Czech Republic,26.2k,26.1k,26.1k,26.5k,28k,29.1k,29.2k,29.5k,30.6k,32.2k,32.9k,33.1k,34.6k,36.5k,38.4k,40.6k,42k,42.7k,41.2k,42.4k,43k,42.4k,41.8k,42.6k,44.3k,44.4k,45.6k,46.4k,47.6k
Germany,71.9k,74.5k,75.3k,77.4k,78.2k,79.5k,81.4k,82.9k,83.2k,85k,86.2k,86.5k,86.6k,88.8k,88.3k,90k,90.6k,90.4k,85.3k,87.9k,89.3k,89.1k,88.6k,90k,91k,91.9k,93.1k,93.3k,92.7k
Djibouti,4850,4800,4420,4310,4080,3820,3650,3530,3510,3430,3400,3430,3470,3480,3510,3560,3620,3710,3660,3700,3880,3980,4090,4290,4520,4730,4880,5180,5450
Denmark,88.9k,90.5k,92.8k,97.5k,97.8k,100k,101k,103k,105k,109k,110k,109k,112k,113k,115k,117k,118k,118k,116k,121k,122k,123k,125k,125k,127k,129k,130k,132k,133k
Dominican Republic,7850,8500,8910,8930,9210,9530,10.1k,10.6k,10.9k,11.2k,11.5k,11.6k,11.5k,11.5k,12.4k,12.9k,13.6k,13.6k,14.1k,14.5k,14.5k,14.5k,15k,15.6k,15.9k,16.5k,16.8k,17.3k,17.7k
Algeria,17k,17.6k,16.9k,16.5k,17.5k,16.9k,15.9k,16.7k,17.1k,17.7k,17.2k,17.4k,17.7k,16.7k,16.8k,16.2k,16.7k,16.3k,16k,16.2k,16.3k,16.7k,16.3k,17.6k,18k,17.9k,18.1k,18.1k,18.1k
Ecuador,9950,9850,9740,9830,9740,9630,9760,9470,8840,8760,8910,9180,9340,9470,9710,9690,9850,10.3k,10.5k,10.8k,11.4k,11.7k,12.1k,12.4k,11.7k,11.1k,10.9k,11k,10.8k
Egypt,6130,6220,6380,6330,6620,6680,6890,7140,7120,7470,7630,7740,7760,7710,7840,8040,8070,8460,8610,8750,9080,9110,9110,9190,9730,9960,10.4k,10.8k,11.2k
Eritrea,858,973,1130,1410,1480,1610,1730,1740,1700,1590,1640,1590,1450,1390,1350,1290,1270,1120,1140,1150,1230,1250,1110,1450,1150,1210,1080,1200,1230
Western Sahara,5390,5270,5160,5050,5130,5250,5340,5330,5300,5320,5300,5310,5310,5410,5470,5620,5770,5840,5780,5900,5960,6070,6130,6220,6220,6260,6300,6350,6380
Spain,67.2k,68.8k,71.1k,73.5k,73.6k,73.8k,73.8k,74k,72.8k,72.7k,72.5k,71.8k,71.3k,71k,69.5k,69.8k,70.6k,71.8k,73.7k,74.8k,75.5k,76.6k,77.5k,77.5k,78.4k,78.5k,78.8k,78.9k,79.4k
Estonia,18.1k,14.9k,14.8k,15k,16.3k,17.4k,19.6k,20.5k,21.2k,23.8k,25.6k,26.9k,28.4k,30k,32.3k,33.6k,35.7k,33.9k,32.1k,34.6k,35.1k,35.4k,35.5k,36.3k,36k,36.7k,37.9k,39.5k,41k
Ethiopia,461,406,445,443,453,492,490,458,466,476,498,488,461,506,546,587,634,681,718,782,839,879,937,998,1070,1130,1200,1240,1300
Finland,64.8k,67.5k,71.3k,74.9k,79.2k,81.2k,84.2k,86.4k,87.1k,90.8k,91.5k,92.6k,94.6k,98.6k,98.6k,101k,104k,103k,97.8k,101k,103k,101k,101k,101k,102k,105k,107k,106k,106k
Fiji,7880,8250,8280,8550,8600,8920,8670,8720,9450,9260,9290,9450,9430,9790,9700,9620,9260,9080,8720,8750,8820,9090,9710,10.5k,11.1k,11.4k,12k,12.3k,12.3k
France,82k,83.6k,83.8k,86.7k,87.3k,87.9k,90.2k,92.3k,94.4k,95.6k,95.6k,95.6k,94k,96.7k,97k,98.8k,99.5k,98.4k,96.5k,98.1k,100k,100k,101k,103k,103k,104k,105k,106k,107k
Gabon,51.6k,48.7k,49.5k,50k,51.1k,51.5k,53k,53.2k,46.8k,44.4k,44k,42.5k,42k,40.8k,40.3k,37.7k,38.7k,35.9k,34.8k,35.9k,36.8k,36.9k,37.1k,36.8k,36.5k,35.9k,34.8k,34k,34.2k
United Kingdom,61.6k,63k,65.5k,67.7k,68.7k,69.7k,71.1k,72.8k,74.4k,75.9k,77.6k,78.8k,80.5k,81.5k,83k,84.5k,85.7k,84.4k,81.7k,82.9k,83.8k,83.9k,84.5k,84.7k,85.3k,85.8k,86.4k,86.5k,86.7k
Georgia,5220,2950,2080,1930,2010,2440,2830,3130,3290,3410,3490,3870,4150,4520,5030,5470,6130,6630,6620,6880,7270,7680,8040,8150,8270,8670,9080,9780,10.3k
Ghana,2090,2100,2150,2160,2200,2250,2290,2350,2440,2470,2490,2520,2560,2610,2680,2760,2800,2980,3060,3220,3610,3870,4080,4130,4150,4130,4300,4450,4630
Guinea,1610,1620,1670,1690,1730,1770,1810,1840,1870,1870,1910,1970,1970,1980,2000,1970,2060,2100,2030,2080,2140,2210,2250,2270,2290,2470,2640,2710,2770
Gambia,2830,2840,2850,2780,2730,2720,2790,2810,2910,2980,3050,2860,2950,3050,2870,2750,2730,2800,2890,2950,2620,2660,2650,2520,2540,2500,2540,2620,2680
Guinea-Bissau,1720,1700,1700,1720,1750,1920,2010,1410,1390,1440,1430,1390,1360,1360,1380,1370,1370,1380,1390,1410,1480,1420,1420,1390,1430,1480,1530,1540,1570
Equatorial Guinea,1580,2070,2220,2500,2820,4530,10.9k,12.9k,15.4k,17.3k,27.1k,30.9k,33.5k,43.7k,48.3k,49.4k,53.9k,60.1k,57.7k,49.7k,50.6k,52.3k,47.8k,45.6k,39.4k,34.7k,31.5k,28.4k,25.7k
Greece,52.9k,51.8k,50.7k,50.3k,50.2k,50.7k,52.5k,53.8k,55.1k,56.4k,58.9k,60.2k,62.6k,65.3k,65.7k,69k,71.6k,71.8k,70.4k,69.4k,68.1k,69.1k,70.2k,70.3k,68.5k,67.3k,66.8k,66.5k,66.1k
Guatemala,6640,6790,6880,6980,7130,7150,7260,7400,7470,7520,7460,7520,7490,7500,7540,7730,7990,8010,7850,7860,7910,7300,7940,7950,8050,7970,7930,7920,7970
Guam,43.9k,44.6k,46.1k,49.1k,50.9k,53k,56.3k,56.6k,62k,65.9k,65.6k,65.5k,64.6k,67.6k,69.5k,66.8k,67.8k,69.3k,69.5k,69.9k,73.8k,74.2k,74.6k,72.4k,71.6k,70.1k,69.6k,68.7k,69k
Guyana,4680,5010,5390,5870,6210,6730,7190,7120,7410,7400,7660,7850,7800,7920,7740,8020,8510,8600,8870,9160,9570,10000,10.4k,10.7k,11k,11.3k,11.4k,11.8k,12.2k
"Hong Kong, China",38k,40.4k,42.7k,44.6k,45.4k,46.5k,47.6k,44.9k,45.9k,47.9k,47.6k,48.6k,50.3k,53.6k,56.6k,59.4k,62k,62.8k,61.8k,65.8k,67.2k,67.1k,67.9k,69.3k,70.5k,71.7k,73.9k,75.9k,75.2k
Honduras,4280,4310,4440,4290,4400,4370,4360,4390,4200,4430,4480,4520,4650,4840,4930,5140,5350,5340,4970,4950,5170,5260,5030,5000,4990,5110,5080,5010,5000
Croatia,22k,19.6k,18.2k,19.5k,21k,22.5k,24.3k,25.7k,26.4k,28.3k,29.5k,31.2k,32.4k,32.8k,33.9k,35.3k,36.5k,36.6k,34.2k,35.1k,36.5k,37.1k,38k,37k,37.2k,38.3k,38.6k,38.9k,39.5k
Haiti,2560,2390,2220,1930,2080,2130,2150,2160,2180,2180,2120,2090,2070,1970,1980,2000,2050,1990,2000,1880,1910,1910,1940,1940,1920,1900,1880,1860,1810
Hungary,22.6k,21.9k,23k,24k,24.6k,25.2k,26.1k,26.8k,26.5k,27.5k,28.4k,29.7k,30.5k,32.1k,33.4k,34.7k,34.9k,35.7k,34.2k,34.6k,35k,34k,34.1k,33.7k,34k,33.6k,34.5k,35.9k,37.5k
Indonesia,4390,4540,4770,4990,5280,5570,5720,4870,4810,4900,5060,5320,5530,5730,6120,6300,6400,6580,6700,6920,7170,7370,7720,7980,8300,8610,8780,9050,9200
India,1680,1730,1770,1840,1940,2040,2080,2160,2300,2340,2390,2420,2540,2680,2820,3020,3230,3310,3560,3840,4030,4240,4470,4760,5090,5460,5800,6110,6320
Ireland,71.1k,73.7k,74.4k,75.7k,79.1k,82.2k,87.1k,87.5k,90.6k,94.4k,96.8k,101k,102k,106k,106k,108k,111k,107k,109k,114k,117k,117k,116k,124k,151k,152k,160k,168k,172k
Iran,20.3k,20.4k,20.2k,19.4k,19.3k,19.7k,19.1k,18.8k,18.3k,18.6k,18k,18.6k,19k,18.7k,18.8k,19.5k,21k,21.7k,21.7k,23.4k,23.6k,21.8k,21.2k,22.1k,21.1k,23.2k,23.3k,21.7k,19.8k
Iraq,6860,8810,11.1k,11k,10.8k,11.6k,13.5k,17.6k,20.1k,19.6k,19.5k,17.6k,11.4k,17k,17.3k,18.7k,18.6k,19.8k,20k,20.7k,21.3k,23.2k,23.7k,22.6k,22.2k,24.8k,24.8k,23.8k,24.1k
Iceland,57.2k,55k,56.3k,57.7k,55.4k,57.3k,60.6k,62.4k,62.5k,63.7k,65.5k,66.9k,68.6k,73.6k,76.4k,78.2k,83.1k,84.2k,82k,77.9k,78.7k,78.2k,79.6k,79.1k,80.8k,83.8k,87.9k,92k,94.9k
Israel,66.5k,68.7k,66k,65.1k,65.8k,67.4k,69.6k,71.6k,72k,75k,74.2k,74.6k,74.1k,74.7k,74.1k,75.2k,75.6k,74.4k,74.8k,75.9k,77.3k,76.8k,78.1k,79.1k,79.2k,80.6k,81.8k,83.1k,84.9k
Italy,81.6k,84.2k,84.8k,88.2k,91.9k,93.2k,95.2k,96.8k,97.5k,100k,99.9k,98.2k,96.5k,94.6k,95.8k,96.2k,97.2k,96k,92.8k,95.1k,95.5k,92.7k,92.7k,92.2k,91.9k,91.6k,91.8k,91.7k,91.2k
Jamaica,11.3k,11.4k,12.4k,12.2k,12.6k,12.5k,12.4k,12k,12.1k,12.1k,12.2k,12.3k,12.3k,12.3k,12.3k,12.4k,12.4k,12.3k,11.8k,11.6k,11.8k,11.7k,11.6k,11.4k,11.3k,11k,10.7k,10.6k,10.3k
Jordan,13.1k,14.4k,13.9k,13.1k,12.6k,12.3k,12.4k,12.5k,12.7k,13k,13.5k,14.2k,14.5k,15.3k,16k,16.5k,16.3k,16.7k,16.4k,16.1k,16k,15.7k,15.7k,15.3k,15.1k,15.2k,15.1k,15k,15.1k
Japan,75.8k,75.5k,74.9k,75.7k,77.7k,79.7k,79.8k,79.5k,80.1k,82.5k,83.3k,84.3k,85.7k,87.4k,88.5k,89.4k,90.3k,89.5k,85.8k,89.8k,89.8k,91.4k,92.4k,92.1k,92.8k,92.4k,93.5k,92k,92k
Kazakhstan,10.8k,10.2k,9260,8620,8230,8530,8780,8700,9050,9930,11k,11.8k,12.7k,13.7k,14.7k,16k,17.1k,17.2k,17.3k,18.1k,19.2k,19.8k,20.8k,21.4k,21.5k,21.8k,22.8k,23.7k,24.7k
Kenya,2470,2350,2270,2250,2260,2280,2220,2220,2200,2170,2220,2200,2230,2310,2420,2450,2490,2390,2360,2450,2490,2490,2530,2550,2580,2620,2660,2750,2810
Kyrgyz Republic,2750,2290,1900,1460,1360,1460,1600,1620,1630,1680,1750,1810,1850,1930,1850,1850,1990,2150,2200,2150,2230,2210,2470,2540,2580,2690,2820,2940,3030
Cambodia,1130,1180,1200,750,799,820,819,820,882,947,921,956,1020,1110,1220,1310,1390,1430,1390,1390,1450,1560,1690,1780,1870,1920,2010,2130,2250
South Korea,20.9k,21.8k,23.1k,24.4k,26.1k,27.6k,28.7k,28.9k,31.5k,33k,33.9k,35.5k,36.7k,37.8k,39.2k,40.8k,42.7k,43.9k,44.5k,47k,47.9k,48.2k,49k,49.5k,50.2k,51.3k,52.4k,53.7k,54.4k
Kuwait,28.2k,53.6k,75.5k,85k,90.4k,89.3k,86.5k,83.3k,75.9k,75.3k,73.2k,74k,85.9k,92.6k,98.3k,100k,100k,95.8k,81.8k,73.8k,75.8k,75.6k,71.6k,67.9k,64.3k,64.1k,59.2k,58.8k,58k
Lao,1060,1090,1130,1200,1250,1310,1370,1390,1460,1510,1560,1620,1680,1740,1820,1920,2000,2100,2190,2310,2440,2570,2700,2840,2980,3120,3270,3410,3500
Lebanon,16.8k,18.3k,18.8k,19k,19k,20.7k,20.4k,20.8k,20.1k,19.6k,19.4k,19k,18.5k,18.8k,18.7k,18.6k,20k,21.4k,22.9k,24k,23k,22.2k,21.7k,21.2k,20.4k,20k,19.7k,19k,17.6k
Liberia,1370,897,604,468,434,460,886,1070,1210,1470,1460,1480,1010,1020,1040,1090,1150,1180,1190,1220,1280,1340,1410,1380,1340,1270,1260,1240,1180
Libya,58.1k,54.4k,50.4k,49.4k,41.7k,41.4k,39.9k,38.5k,37.4k,37.5k,35.6k,34k,37.1k,37.3k,40.3k,41.5k,42.9k,42.9k,41.8k,43.1k,16.1k,35.5k,30.4k,22.9k,20.6k,19.7k,24.5k,27.7k,27.8k
St. Lucia,21k,22.2k,22k,22k,21.6k,21.9k,22.4k,23.6k,22.7k,21.7k,21k,21k,21.7k,22.2k,20.8k,20.6k,19.7k,19.8k,19.3k,19.5k,20.5k,20.1k,19.8k,19.5k,18.7k,19k,19.1k,19.2k,18.7k
Sri Lanka,3510,3740,3900,4000,4270,4310,4480,4280,4510,4740,4630,4810,5020,5260,5500,5810,6140,6420,6660,7210,7750,8500,8530,9030,9300,9570,9810,10.5k,10.7k
Lesotho,2580,2680,2690,2770,2780,2870,2910,2850,2790,2830,2890,2880,2990,3020,3090,3180,3290,3460,3510,3500,3630,3810,3910,3960,4000,4150,4040,3960,3960
Lithuania,17.9k,14.1k,13.5k,12.2k,13.3k,13.9k,14.8k,16k,15.7k,17.1k,18.9k,19.5k,20.8k,22.8k,24.4k,26.1k,28.6k,29.9k,27.8k,29.7k,30.5k,31.1k,31.9k,32.6k,33.1k,33.2k,34.7k,35.8k,37.7k
Luxembourg,168k,167k,175k,182k,188k,187k,193k,202k,212k,221k,226k,230k,237k,243k,242k,248k,262k,255k,229k,233k,235k,225k,228k,229k,234k,242k,237k,237k,235k
Latvia,18.1k,12.3k,12.3k,13.2k,13.1k,13.9k,14.2k,15.3k,16k,17.5k,18.5k,19.3k,20.9k,22.6k,24.7k,26.2k,28.2k,27.4k,27.3k,27.5k,28.7k,29.3k,29.5k,30.2k,30.9k,31.5k,32.6k,33.7k,34.8k
"Macao, China",52k,56.7k,58.2k,59.7k,59.3k,51.4k,50k,47.6k,46.3k,48k,47k,50.7k,55.5k,65.9k,66.8k,70.8k,75k,73.9k,72.6k,87.3k,103k,109k,118k,113k,87k,86.3k,94.3k,98.3k,93.4k
Morocco,6980,6640,6430,6980,6390,7060,6750,7080,6970,6910,7170,7210,7460,7550,7700,8070,8210,8580,8720,8900,9190,9440,9820,10.1k,10.6k,10.7k,11.2k,11.4k,11.4k
Moldova,6650,4700,4550,3110,3000,2870,2940,2770,2680,2670,2830,3070,3330,3600,3910,4220,4360,4800,4780,5290,5470,5570,5940,6170,5750,6230,6590,7560,7370
Madagascar,1150,1130,1120,1080,1070,1060,1060,1070,1080,1100,1120,949,1010,1010,1020,1030,1050,1080,1010,980,944,931,929,938,948,955,963,976,993
Maldives,15.2k,15.6k,15.9k,16.5k,17k,17.5k,18.1k,18.5k,18.7k,18.3k,16.8k,17.2k,18.6k,18.8k,15.6k,18.9k,19.6k,20.7k,18.6k,18.1k,17.6k,16.2k,15.6k,15.1k,14.8k,15.2k,15.2k,15.4k,15.5k
Mexico,22.9k,22.8k,22.5k,23.3k,22k,22.5k,22.7k,23.2k,23.4k,24.1k,23.7k,23.5k,23.3k,23.7k,23.3k,23.6k,23.6k,23.5k,22.1k,22.9k,23.2k,23.3k,23.2k,23.7k,23.9k,24.1k,24.1k,24.1k,23.5k
North Macedonia,13.9k,12.9k,12k,11.8k,11.6k,11.7k,11.9k,12k,12k,12.4k,11.5k,11.8k,12.8k,13.4k,13.9k,14.2k,14.7k,14.9k,14.3k,14.6k,14.8k,14.7k,14.5k,14.7k,15k,15k,14.9k,14.9k,14.7k
Mali,1470,1390,1400,1410,1390,1450,1480,1560,1610,1570,1780,1800,1920,1900,1980,2030,2060,2050,2060,2070,2060,1970,1960,2040,2140,2210,2280,2310,2340
Malta,34.3k,35.5k,36.8k,38.6k,40.7k,41.5k,43.1k,44.6k,46k,48.5k,48.2k,49.3k,50.6k,51.7k,52.8k,52.8k,53.4k,54.3k,52.8k,53.4k,52.3k,51.8k,52.2k,55k,60k,62k,64.7k,67.4k,69k
Myanmar,407,439,458,484,509,532,552,573,627,705,778,865,979,1110,1250,1410,1580,1740,1920,2090,2190,2330,2500,2680,2840,3060,3310,3450,3610
Montenegro,24.3k,18.4k,11.7k,11.8k,13.5k,17.3k,18.5k,19.4k,17.6k,18.2k,18.4k,18.8k,19.2k,20k,20.7k,20.7k,20.5k,21.3k,20.5k,21.1k,21.7k,20.6k,21.1k,20.2k,20.3k,20.7k,21.3k,21.6k,21.9k
Mongolia,4900,4310,4070,4080,4270,4250,4330,4380,4410,4340,4360,4450,4680,5070,5320,5650,6110,6410,6230,6570,7320,8110,8880,9440,9540,9960,10.2k,10.6k,10.5k
Mozambique,496,446,472,481,473,511,555,591,640,629,686,730,760,801,835,898,949,998,1040,1090,1150,1210,1270,1330,1390,1400,1410,1410,1400
Mauritania,6120,6080,6280,5930,6360,6560,6110,6110,6170,5750,5580,5540,5790,5920,6270,7240,6920,6730,6590,6600,6710,6840,6920,7000,7160,7040,7080,6980,7160
Mauritius,10.1k,10.6k,11k,11.2k,11.5k,12.1k,12.6k,13.2k,13.3k,14.3k,14.6k,14.6k,15.4k,16k,16.2k,16.8k,17.7k,18.2k,18.6k,19.1k,19.9k,20.3k,20.5k,21k,21.5k,22.2k,22.7k,23.6k,24.3k
Malawi,875,804,882,788,912,966,983,998,1000,995,926,922,953,981,987,1010,1070,1120,1180,1220,1240,1230,1250,1280,1270,1260,1270,1270,1280
Malaysia,12.7k,13.5k,14.5k,15.3k,16.3k,17.3k,18k,16.2k,16.7k,17.6k,17.3k,17.7k,18.3k,19k,19.4k,20k,20.8k,21.4k,20.6k,21.5k,21.6k,21.9k,21.9k,22.7k,23.3k,24k,24.9k,25.5k,26.1k
Namibia,14.6k,15.2k,14.6k,14.4k,15.1k,15.7k,16.6k,16.3k,16k,15.8k,15.6k,16k,16.3k,17.9k,17.8k,18.4k,18.8k,18.7k,18.4k,19k,18.8k,18.6k,18.9k,19.5k,20.7k,21.1k,20.4k,19.9k,19.2k
New Caledonia,83.7k,80.7k,77.7k,76.8k,78.8k,76.8k,75.9k,71.2k,69.9k,69.6k,69.3k,69.3k,70.9k,72.1k,73k,75.1k,76.3k,74.8k,74.4k,78.3k,81.1k,81.7k,82.2k,82.8k,82.3k,83.1k,83.5k,84k,84.3k
Niger,1230,1220,1180,1160,1140,1110,1090,1150,1110,1060,1100,1120,1110,1080,1120,1140,1130,1170,1150,1200,1180,1310,1360,1440,1440,1470,1480,1520,1550
Nigeria,4570,4670,4460,4270,4150,4220,4240,4240,4150,4250,4390,4960,5190,5530,5730,5930,6150,6400,6750,7110,7290,7720,8370,8830,8890,8890,8690,8470,8290
Nicaragua,3610,3530,3440,3470,3580,3660,3660,3650,3760,3760,3750,3680,3670,3720,3730,3780,3840,3910,3750,3800,3870,3960,4060,4110,4230,4290,4380,4210,3980
Netherlands,84k,82.9k,83.8k,85.6k,87.3k,88.3k,88.9k,90.3k,92.3k,93.2k,93.2k,92.4k,93k,95.1k,99.8k,102k,102k,102k,98.1k,100k,102k,101k,102k,104k,104k,106k,107k,108k,108k
Norway,130k,135k,139k,143k,148k,149k,152k,152k,154k,158k,161k,162k,166k,172k,175k,175k,175k,171k,169k,171k,170k,172k,172k,174k,176k,178k,182k,181k,181k
Nepal,753,762,767,805,808,831,853,860,879,915,941,926,945,973,990,1000,1020,1060,1100,1140,1170,1230,1280,1350,1380,1350,1420,1470,1520
New Zealand,55.1k,55.2k,57.2k,57.5k,57.6k,58.2k,59.3k,60.2k,62.3k,62.5k,62.6k,63.6k,65.3k,65.6k,65.7k,66.1k,66.8k,65.7k,66.5k,67.2k,67.7k,68.8k,68.6k,69.1k,70.8k,71.3k,71.7k,73.5k,74.6k
Oman,47.5k,47.4k,46.3k,44.9k,44.7k,46.2k,49.5k,51.4k,51.6k,54.4k,55.8k,53.4k,49.8k,48.3k,47.3k,46.9k,45.8k,45.9k,44.5k,42.3k,37.5k,36.5k,34.1k,31.7k,30.5k,30.2k,29.1k,29.2k,28.3k
Pakistan,2630,2760,2770,2770,2890,2910,2810,2790,2780,2790,2810,2800,2840,2940,3060,3170,3220,3180,3150,3090,3100,3130,3200,3230,3300,3420,3540,3680,3620
Panama,11.9k,12.3k,12.4k,12.4k,12k,12.2k,12.6k,13.2k,13.4k,13.3k,13k,13k,13.1k,13.7k,14.3k,15.4k,16.7k,17.5k,17.7k,18.6k,20.4k,21.3k,22k,22.9k,23.7k,24.3k,25.4k,25.2k,25.4k
Peru,7870,7470,7520,8090,8220,8010,8090,7760,7570,7790,7330,7390,7420,7490,8080,8180,8460,9090,9010,9510,10k,10.5k,11k,11.2k,11.6k,11.8k,11.5k,11.6k,11.5k
Philippines,4310,4190,4160,4230,4310,4450,4560,4400,4430,4510,4530,4600,4750,4930,5050,5190,5360,5470,5370,5600,5630,5920,6210,6410,6700,7000,7640,7940,8180
Papua New Guinea,3630,4070,4760,4920,4590,4840,4490,4170,4130,3900,3920,3940,4060,4220,4540,4850,5320,5400,5910,6680,6620,6770,6860,7670,8250,8390,8480,8180,8460
Poland,13.9k,14.2k,14.8k,15.8k,16.9k,17.7k,18.7k,19.3k,20.8k,22.3k,22.9k,24k,24.9k,26.1k,26.2k,26.9k,27.4k,27.4k,28.1k,29.2k,30.6k,31.1k,31.6k,31.9k,32.8k,33.2k,34.3k,35.9k,37.3k
Puerto Rico,65.3k,68k,67.9k,68.5k,70.9k,70k,71.3k,74.1k,76.2k,78.8k,84.1k,84.7k,84.5k,90.6k,89k,86.8k,86.9k,87.5k,90.4k,92.5k,93.3k,93.7k,95.3k,96.4k,96.7k,97.7k,97.2k,94.7k,98.6k
North Korea,1590,1450,1360,1310,1230,1170,1080,1060,1110,1100,1140,1140,1150,1160,1190,1170,1140,1160,1140,1130,1120,1130,1130,1130,1110,1140,1090,1040,1080
Portugal,37.2k,38.5k,38k,38.5k,40.2k,41.1k,41.8k,41.7k,42.9k,43.8k,43.9k,43.8k,44k,44.9k,45.4k,45.9k,46.9k,46.9k,46.8k,48.5k,49.3k,49.2k,50k,49.6k,49.9k,50.3k,50.4k,50.6k,51.3k
Paraguay,9710,9620,9810,10k,10.4k,10.3k,10.4k,10.1k,9690,9190,8860,8620,8630,8300,8240,8750,8820,9160,8880,9860,10k,9300,10k,10.6k,10.7k,10.9k,11.1k,11.2k,11k
Palestine,6810,8120,8590,9510,9740,9380,10.3k,11.4k,11.8k,10.3k,11.3k,10.6k,10.3k,11.3k,11.5k,10.6k,10.5k,11.6k,11.7k,12.3k,12.3k,12.8k,12.8k,12.4k,12.3k,12.7k,12.9k,12.9k,13.3k
French Polynesia,65.1k,64k,62.4k,61.4k,60.4k,58.9k,58.7k,61.1k,62.1k,63.3k,62.9k,62.9k,63.7k,63.9k,63.8k,63.4k,63.6k,62.7k,59.1k,57.1k,54.9k,53.8k,53.7k,53.9k,54.9k,55.4k,56.8k,58.3k,59.2k
Qatar,70.1k,76.3k,74.5k,74.9k,74.1k,76.1k,96.1k,103k,104k,107k,106k,107k,103k,109k,98.9k,101k,94.7k,90.7k,85.5k,88.9k,92.8k,90.3k,88.4k,86.9k,85.8k,85.3k,84.8k,84.5k,82.8k
Romania,9520,8590,8740,9110,9720,10.3k,9680,9680,9750,10.2k,10.9k,12.9k,13.4k,15k,16.1k,17.2k,18.6k,20.5k,19.9k,18.9k,19.7k,20k,20.8k,21.4k,22.5k,23.8k,24.9k,26k,27.1k
Russia,18.8k,16k,15.1k,13.9k,13.6k,13.2k,14k,13.6k,13.7k,14.5k,15.3k,15.6k,16.8k,17.7k,18.6k,20k,21.1k,22.1k,20.9k,21.6k,22.3k,22.9k,23.5k,23.6k,23.3k,23.4k,23.9k,24.5k,25.2k
Rwanda,822,906,872,447,605,664,715,729,718,745,778,857,857,901,962,1020,1070,1160,1200,1250,1320,1400,1420,1470,1560,1600,1620,1710,1820
Saudi Arabia,70.7k,71.4k,68.7k,67.6k,66.4k,66.9k,66.3k,66.6k,62.3k,62.5k,59.8k,56.1k,59.6k,61.3k,61.8k,61k,59.3k,60.2k,57k,56.6k,58.4k,57.3k,55.6k,55.1k,54.5k,53.7k,52.6k,53.3k,52.1k
Sudan,4270,4340,4340,4190,4250,4350,4700,4790,4830,5020,5220,5420,5700,5770,6050,6520,7120,7520,7460,7480,7800,7500,7630,7610,7750,7890,7980,7550,7130
Senegal,3960,3890,3830,3720,3810,3790,3820,3960,4120,4150,4240,4160,4370,4560,4750,4800,4940,5060,5110,5210,5210,5330,5340,5550,5750,5930,6180,6370,6490
Singapore,48.6k,50.3k,53.8k,57.3k,59k,61.1k,63k,60.1k,62.5k,65.5k,63.8k,67.8k,70.5k,76.1k,79k,81k,82.9k,79.1k,76.9k,82.3k,84.6k,85.3k,87.9k,88.7k,89.1k,91.3k,94.5k,96.9k,96.5k
Solomon Islands,2990,3270,3280,3460,3620,3560,3380,3320,3190,2620,2330,2190,2270,2320,2380,2480,2600,2720,2520,2620,2890,2930,2930,2920,2910,2920,2950,2980,2970
Sierra Leone,1220,985,1010,991,912,928,868,875,841,875,788,958,1000,995,1010,1030,1100,1140,1170,1210,1280,1450,1730,1780,1370,1420,1440,1450,1490
El Salvador,6290,6600,6890,6820,7100,7220,7400,7210,7280,7360,7410,7410,7310,7430,7590,7690,7650,7720,7590,7660,7810,7790,7790,8010,8190,8240,8380,8510,8600
Somalia,770,676,677,535,535,553,531,533,536,536,539,543,546,546,546,545,546,547,550,550,551,542,535,530,531,528,517,513,509
Serbia,11.2k,7920,5460,5570,5930,6340,6940,7250,6550,6980,7590,8270,8850,10.2k,11.1k,11.8k,12.2k,12.4k,12.8k,13.7k,14.7k,14.6k,14.5k,13.6k,13.7k,13.3k,13.1k,13.5k,13.7k
South Sudan,1260,1380,1480,1510,1600,1670,1780,1780,1750,1780,1820,1870,1940,1940,1990,2080,2200,2250,2230,2130,2140,2050,2260,2280,2000,1700,1590,1540,1540
Sao Tome and Principe,3390,3340,3320,3320,3320,3300,3260,3260,3260,3190,3240,3310,3390,3420,3580,3770,3700,3820,3760,3860,3900,3920,4030,4210,4290,4380,4450,4470,4490
Suriname,22.9k,22.6k,20.3k,19.9k,18.6k,18.9k,19.5k,19.6k,19.6k,19.3k,19.6k,19.6k,20.3k,21.5k,22k,22.7k,23.3k,23.8k,24.1k,24.4k,25.5k,25.8k,25.7k,25.5k,24.4k,22.7k,22.8k,23.1k,22.7k
Slovak Republic,18.9k,18k,18.7k,20.8k,21.7k,22.3k,23.8k,24.8k,25.6k,26.5k,26.9k,28k,28.6k,30.5k,31.7k,33.4k,36.1k,37k,36.2k,39.2k,39.9k,40.5k,40.7k,41.3k,42.2k,41.8k,42.4k,43.5k,44.3k
Slovenia,32.4k,30.8k,32k,33.6k,34.5k,35.4k,36.4k,37.1k,39.6k,41.2k,41.7k,42.7k,45.2k,44.7k,46.2k,48.2k,50.3k,51.8k,48.5k,49.9k,51.7k,51k,51.3k,52.2k,53.2k,55k,55k,56.1k,58k
Sweden,69.8k,72.2k,75k,78.7k,80.3k,82.2k,86k,88.5k,90.5k,93.3k,93.1k,95.1k,97.3k,102k,105k,107k,108k,106k,104k,110k,111k,109k,110k,112k,115k,116k,118k,119k,120k
Eswatini,13.2k,13.2k,13.2k,13.1k,13.3k,13.6k,13.8k,13.9k,14.2k,14.3k,14.3k,14.9k,15.4k,16k,16.9k,17.9k,18.6k,18.3k,18.4k,18.7k,18.8k,19.4k,19.7k,19.4k,19.4k,19k,19k,19k,19k
Syria,5700,6270,6350,6580,6670,6820,6800,7090,6590,6660,7010,7220,7100,7530,7920,8120,8410,8650,8840,8840,7980,6180,4710,4270,4150,4150,4160,4320,4460
Chad,1450,1520,1240,1330,1310,1300,1330,1380,1320,1260,1360,1430,1580,2040,2310,2250,2240,2230,2250,2480,2390,2520,2570,2650,2630,2390,2240,2210,2210
Togo,1880,1760,1460,1650,1730,1830,2020,1900,1870,1790,1750,1760,1830,1760,1620,1610,1530,1540,1570,1610,1660,1720,1780,1830,1880,1950,1990,2030,2080
Thailand,5220,5490,5870,6250,6600,6790,6440,6060,6290,6370,6550,6800,7170,7510,7700,8020,8300,8340,8170,8810,8640,9250,9670,9870,10.2k,10.6k,11.1k,11.5k,11.8k
Tajikistan,4750,3320,2850,2270,1990,1680,1680,1790,1790,1880,2000,2140,2280,2400,2490,2600,2750,2910,2940,3040,3170,3320,3470,3610,3750,3920,4210,4510,4810
Turkmenistan,10.1k,8110,7950,6410,5930,6320,5410,5750,6680,6820,6900,6700,6740,6890,7640,8310,9010,10.1k,10.5k,11.2k,12.6k,13.8k,15.1k,16.4k,17.2k,18k,18.9k,19.8k,20.8k
Timor-Leste,1470,1590,1730,1870,2030,2270,2390,2350,1490,1710,1970,1790,1700,1670,1670,1560,1690,1850,2000,2160,2230,2310,2300,2350,2360,2380,2210,2120,2130
Tonga,7940,7800,7960,8230,8610,8700,8740,9010,9410,9820,10.1k,10.5k,10.8k,10.6k,10.6k,10.4k,9960,10.3k,10.6k,11.1k,11.5k,11.8k,11.7k,12.2k,12.8k,13.4k,13.8k,13.8k,13.7k
Trinidad and Tobago,16k,17.3k,16.8k,16.9k,17.1k,17.8k,18.7k,19.9k,21.1k,22.3k,22.8k,24.2k,26.8k,28.1k,29k,32.6k,34.1k,35.1k,33.6k,35.1k,35.1k,35k,35.1k,34.3k,35.2k,33.3k,32.6k,32.6k,32.6k
Tunisia,8680,9110,9030,9040,8990,9380,9650,9920,10.3k,10.6k,10.8k,10.9k,11.3k,11.8k,11.9k,12.1k,12.7k,13k,13.2k,13.3k,13.7k,13.8k,13.9k,14.1k,14.2k,14.3k,14.5k,14.8k,14.8k
Turkey,20k,20.9k,23.8k,21k,22.1k,23.2k,25k,25k,23.8k,26k,24.6k,26.4k,28.1k,31k,33k,34.7k,35.9k,35.4k,33.6k,34.3k,35.8k,36.5k,38.4k,39.7k,40.7k,40.8k,42.3k,42.4k,43.5k
Taiwan,27.9k,29.6k,31.3k,33.1k,34.9k,37k,38.9k,40.1k,42.5k,44.9k,44.8k,46.9k,48.2k,50.3k,52k,53.9k,56.5k,56.4k,56.3k,60.8k,61.6k,62k,62.9k,65.2k,65.4k,66.4k,68k,69.2k,70.6k
Tanzania,1080,1050,1030,1010,1010,1030,1030,1050,1070,1090,1120,1170,1210,1260,1310,1360,1410,1450,1490,1560,1650,1680,1750,1810,1860,1930,1990,2030,2080
Uganda,1130,1140,1200,1240,1350,1440,1470,1510,1590,1600,1640,1730,1780,1830,1860,2000,2100,2210,2300,2340,2470,2470,2430,2460,2490,2510,2500,2540,2600
Ukraine,8140,7360,6290,4770,4300,4000,4000,4100,4200,4390,4860,5090,5540,6220,6340,6820,7340,7540,6620,6840,7210,7280,7210,7090,6400,6630,6860,7110,7370
Uruguay,17.4k,18.3k,18.8k,19.7k,19k,19.9k,21.4k,22.2k,22.1k,21.9k,21.1k,20.2k,20.4k,20.5k,21.6k,21.7k,22.2k,23.1k,23.7k,25.4k,26.1k,27.1k,28.4k,29k,29.4k,30k,30.8k,31.4k,31.7k
United States,74.5k,76.7k,77.8k,78.9k,79.6k,81.2k,82.9k,85.1k,87.6k,89.7k,90.7k,92.8k,95.2k,97.7k,99.5k,101k,102k,102k,103k,106k,107k,107k,108k,108k,110k,110k,110k,112k,113k
Uzbekistan,3210,2760,2680,2520,2440,2490,2560,2680,2730,2720,2720,2730,2740,2850,2950,3070,3260,3480,3690,3900,4100,4320,4570,4830,5120,5360,5550,5780,6040
St. Vincent and the Grenadines,11.2k,11.7k,12.1k,11.8k,12.5k,12.5k,12.7k,13.1k,13.3k,13.4k,13.4k,14k,14.8k,15.1k,15.2k,16.1k,16.5k,16.6k,16.3k,15.7k,15.5k,15.6k,15.8k,15.8k,15.9k,16k,16k,16.2k,16.1k
Venezuela,36.4k,36.6k,35.2k,34.1k,35.1k,34.6k,35.4k,34.6k,33.1k,33.1k,33k,30.6k,27.9k,31.1k,31.7k,32.9k,34.8k,35.7k,34k,33.3k,34k,35.4k,35.5k,33.8k,31.5k,26.6k,22.9k,19k,13k
Virgin Islands (U.S.),74.5k,73.7k,73.5k,75.7k,76.3k,77.9k,79.6k,79.6k,79.5k,81.4k,80.4k,79.7k,79k,81.1k,83.9k,87.1k,90.8k,91.9k,85.9k,87.1k,80.9k,69.6k,66.2k,66.2k,66.9k,67.9k,67k,67.4k,67.2k
Vietnam,938,995,1050,1120,1200,1280,1360,1400,1430,1490,1550,1610,1690,1780,1870,1970,2070,2140,2210,2290,2390,2470,2550,2670,2830,2990,3160,3330,3580
Vanuatu,6850,6810,6640,7050,6920,6910,7110,7270,7130,7390,6900,6300,6360,6410,6550,6880,7020,7280,7330,7020,6940,6870,6820,6800,6650,6680,6790,6810,6820
Samoa,8810,8670,8970,8660,9280,9890,9860,10k,10.3k,11.1k,11.8k,12.2k,12.7k,13.3k,13.8k,14k,14.8k,14.8k,13.9k,13.9k,14.4k,14k,13.8k,13.7k,14.3k,15.5k,15.6k,15.1k,15.5k
Yemen,5150,5230,5110,5150,5140,5180,5260,5380,5390,5630,5730,5850,5950,6050,6230,6270,6300,6360,6460,6790,5840,5890,6070,5960,4100,3570,3260,3160,3110
South Africa,24.3k,23.1k,22.7k,22.8k,22.8k,23.2k,23.2k,22.7k,22.7k,23.1k,23.5k,24.9k,24.7k,24.3k,24.9k,25.5k,25.7k,24.6k,24.9k,26.4k,26.8k,26.7k,26.4k,26.4k,25.8k,25.9k,25.7k,25.6k,25.8k
Zambia,2980,2860,3000,2620,2580,2630,2600,2470,2530,2570,2650,2730,2870,3020,3170,3250,3360,3460,3810,4250,4230,4320,4420,4500,4510,4560,4600,4640,4550
Zimbabwe,3340,2960,2930,3130,3090,3390,3460,3550,3530,3340,3320,2970,2420,2240,2110,2020,1930,1570,1750,2080,2350,2700,2710,2730,2730,2710,2790,2870,2590
